{"cameraMode":{"drawMode":0,"name":"Shaded","section":"Shading Mode"},"sceneLighting":true,"audioPlay":false,"sceneViewState":{"showFog":true,"showMaterialUpdate":true,"showSkybox":true,"showFlares":true,"showImageEffects":true,"showParticleSystems":true},"in2DMode":false,"pivot":{"x":914.1837158203125,"y":366.1664733886719,"z":-103.15338134765625},"rotation":{"x":-0.18360309302806855,"y":-0.04068721458315849,"z":0.007604432292282581,"w":-0.9821381568908691},"size":520.5347290039063,"orthographic":false}