{"cameraMode":{"drawMode":0,"name":"Shaded","section":"Shading Mode"},"sceneLighting":false,"audioPlay":false,"sceneViewState":{"showFog":true,"showMaterialUpdate":true,"showSkybox":false,"showFlares":true,"showImageEffects":true,"showParticleSystems":true},"in2DMode":false,"pivot":{"x":122.63165283203125,"y":292.3780517578125,"z":-41.189117431640628},"rotation":{"x":0.19312003254890443,"y":-0.09696398675441742,"z":0.01918226107954979,"w":0.9761868715286255},"size":254.18397521972657,"orthographic":false}