{"cameraMode":{"drawMode":0,"name":"Shaded","section":"Shading Mode"},"sceneLighting":false,"audioPlay":false,"sceneViewState":{"showFog":true,"showMaterialUpdate":true,"showSkybox":false,"showFlares":true,"showImageEffects":true,"showParticleSystems":true},"in2DMode":false,"pivot":{"x":-0.1819605827331543,"y":0.5185033082962036,"z":0.0302276611328125},"rotation":{"x":-0.07196196913719177,"y":0.9089728593826294,"z":-0.3707817494869232,"w":-0.17641568183898927},"size":4.386263370513916,"orthographic":false}